<Ui xsi:schemaLocation="http://www.blizzard.com/wow/ui/ ..\FrameXML\UI.xsd">
    <Script file="libs\LibStub\LibStub.lua"/>
    <Script file="libs\AceSerializer-3.0\AceSerializer-3.0.lua"/>
    <Script file="libs\AceConsole-3.0\AceConsole-3.0.lua"/>
    <Script file="libs\AceDB-3.0\AceDB-3.0.lua"/>
    <Script file="libs\AceDB-3.0\AceDB-3.0.lua"/>

    <Include file="libs\AceAddon-3.0\AceAddon-3.0.xml"/>
    <Include file="libs\AceGUI-3.0\AceGUI-3.0.xml"/>
    <Include file="libs\LibDBIcon-1.0\embeds.xml"/>
    <Script file="libs\LibDBIcon-1.0\LibDBIcon-1.0\LibDBIcon-1.0.lua"/>
    <Script file="libs\AceLocale-3.0\AceLocale-3.0.lua"/>
</Ui>
